{
  "project_info": {
    "project_number": "1037470016865",
    "project_id": "loginsignupapp-3ecac",
    "storage_bucket": "loginsignupapp-3ecac.appspot.com"
  },
  "client": [
    {
      "client_info": {
        "mobilesdk_app_id": "1:1037470016865:android:23fa2863b10f26cebd9120",
        "android_client_info": {
          "package_name": "com.ghazy.loginsignup"
        }
      },
      "oauth_client": [
        {
          "client_id": "1037470016865-hftvn1t3vfe3eplo36m7bmuhcqils3mg.apps.googleusercontent.com",
          "client_type": 3
        }
      ],
      "api_key": [
        {
          "current_key": "AIzaSyCx_-VW8q7lF7y1ReflqAi-ev-gCTCDPRk"
        }
      ],
      "services": {
        "appinvite_service": {
          "other_platform_oauth_client": [
            {
              "client_id": "1037470016865-hftvn1t3vfe3eplo36m7bmuhcqils3mg.apps.googleusercontent.com",
              "client_type": 3
            }
          ]
        }
      }
    },
    {
      "client_info": {
        "mobilesdk_app_id": "1:1037470016865:android:f24125cc806a55cabd9120",
        "android_client_info": {
          "package_name": "com.ghazy.loginsignupapp"
        }
      },
      "oauth_client": [
        {
          "client_id": "1037470016865-hftvn1t3vfe3eplo36m7bmuhcqils3mg.apps.googleusercontent.com",
          "client_type": 3
        }
      ],
      "api_key": [
        {
          "current_key": "AIzaSyCx_-VW8q7lF7y1ReflqAi-ev-gCTCDPRk"
        }
      ],
      "services": {
        "appinvite_service": {
          "other_platform_oauth_client": [
            {
              "client_id": "1037470016865-hftvn1t3vfe3eplo36m7bmuhcqils3mg.apps.googleusercontent.com",
              "client_type": 3
            }
          ]
        }
      }
    }
  ],
  "configuration_version": "1"
}